SMA12_1;SMA12_2;PARAM12_1;PARAM12_2;PARAM12_3;PARAM12_4;SMA4_1;SMA4_2;SMA4_3;SMA4_4;Profit;Loss deals;Profit deals;Maximum loss in profit deals
3.0;6.0;0.2;0.2;300.0;;12.0;14.0;3.0;12.0;98.67772188558162;338.0;601.0;-9.2892285815855
3.0;6.0;0.2;0.4;300.0;;12.0;14.0;3.0;12.0;109.6917512824887;393.0;678.0;-8.196547838276121
3.0;6.0;0.2;0.6000000000000001;300.0;;12.0;14.0;3.0;12.0;36.08826519410148;650.0;1196.0;-11.28268877934745
3.0;6.0;0.2;0.8;300.0;;12.0;14.0;3.0;12.0;12.35627876700513;653.0;1189.0;-11.28268877934745
3.0;6.0;0.4;0.2;300.0;;12.0;14.0;3.0;12.0;73.21344057534336;389.0;654.0;-9.2892285815855
3.0;6.0;0.4;0.4;300.0;;12.0;14.0;3.0;12.0;134.59215835167137;333.0;569.0;-9.2892285815855
3.0;6.0;0.4;0.6000000000000001;300.0;;12.0;14.0;3.0;12.0;75.65632943732426;478.0;862.0;-11.28268877934745
3.0;6.0;0.4;0.8;300.0;;12.0;14.0;3.0;12.0;57.115663571737215;662.0;1227.0;-11.28268877934745
3.0;6.0;0.6000000000000001;0.2;300.0;;12.0;14.0;3.0;12.0;24.409692455751397;432.0;647.0;-8.086601908529232
3.0;6.0;0.6000000000000001;0.4;300.0;;12.0;14.0;3.0;12.0;62.96821087221761;315.0;517.0;-9.2892285815855
3.0;6.0;0.6000000000000001;0.6000000000000001;300.0;;12.0;14.0;3.0;12.0;139.09616697698746;278.0;477.0;-8.086601908529232
3.0;6.0;0.6000000000000001;0.8;300.0;;12.0;14.0;3.0;12.0;68.17413735894941;649.0;1244.0;-11.28268877934745
3.0;6.0;0.8;0.2;300.0;;12.0;14.0;3.0;12.0;2.3058433563192153;508.0;749.0;-8.39601300273108
3.0;6.0;0.8;0.4;300.0;;12.0;14.0;3.0;12.0;-2.4197678236230287;400.0;591.0;-9.2892285815855
3.0;6.0;0.8;0.6000000000000001;300.0;;12.0;14.0;3.0;12.0;23.16710711906349;331.0;435.0;-9.2892285815855
3.0;6.0;0.8;0.8;300.0;;12.0;14.0;3.0;12.0;120.5930164319614;211.0;352.0;-15.679145534511141
3.0;9.0;0.2;0.2;300.0;;12.0;14.0;3.0;12.0;119.49140564805897;447.0;781.0;-8.086601908529232
3.0;9.0;0.2;0.4;300.0;;12.0;14.0;3.0;12.0;79.58238209601237;397.0;678.0;-8.086601908529232
3.0;9.0;0.2;0.6000000000000001;300.0;;12.0;14.0;3.0;12.0;39.711572433472426;522.0;954.0;-9.494885361552024
3.0;9.0;0.2;0.8;300.0;;12.0;14.0;3.0;12.0;44.44335985827165;607.0;1167.0;-11.28268877934745
3.0;9.0;0.4;0.2;300.0;;12.0;14.0;3.0;12.0;102.01760661593237;488.0;802.0;-8.086601908529232
3.0;9.0;0.4;0.4;300.0;;12.0;14.0;3.0;12.0;124.3518968276141;409.0;691.0;-8.17293897445154
3.0;9.0;0.4;0.6000000000000001;300.0;;12.0;14.0;3.0;12.0;142.6004783286686;434.0;764.0;-8.086601908529232
3.0;9.0;0.4;0.8;300.0;;12.0;14.0;3.0;12.0;64.22601087794087;604.0;1168.0;-11.28268877934745
3.0;9.0;0.6000000000000001;0.2;300.0;;12.0;14.0;3.0;12.0;81.78357673796167;515.0;808.0;-8.683774250440914
3.0;9.0;0.6000000000000001;0.4;300.0;;12.0;14.0;3.0;12.0;109.83950743200039;425.0;697.0;-8.086601908529232
3.0;9.0;0.6000000000000001;0.6000000000000001;300.0;;12.0;14.0;3.0;12.0;120.60127939883186;370.0;543.0;-8.086601908529232
3.0;9.0;0.6000000000000001;0.8;300.0;;12.0;14.0;3.0;12.0;107.43708000490382;503.0;963.0;-9.494885361552024
3.0;9.0;0.8;0.2;300.0;;12.0;14.0;3.0;12.0;80.0241528905543;561.0;874.0;-8.683774250440914
3.0;9.0;0.8;0.4;300.0;;12.0;14.0;3.0;12.0;108.28934776128155;484.0;752.0;-8.683774250440914
3.0;9.0;0.8;0.6000000000000001;300.0;;12.0;14.0;3.0;12.0;110.16706523043908;380.0;595.0;-8.086601908529232
3.0;9.0;0.8;0.8;300.0;;12.0;14.0;3.0;12.0;151.91484929249597;305.0;515.0;-7.622062660113355
3.0;12.0;0.2;0.2;300.0;;12.0;14.0;3.0;12.0;109.02874593318651;552.0;927.0;-8.39601300273108
3.0;12.0;0.2;0.4;300.0;;12.0;14.0;3.0;12.0;112.59671005086888;461.0;788.0;-8.39601300273108
3.0;12.0;0.2;0.6000000000000001;300.0;;12.0;14.0;3.0;12.0;93.57371232755105;516.0;940.0;-9.494885361552024
3.0;12.0;0.2;0.8;300.0;;12.0;14.0;3.0;12.0;83.75546852679966;606.0;1137.0;-9.494885361552024
3.0;12.0;0.4;0.2;300.0;;12.0;14.0;3.0;12.0;109.49887368596352;544.0;932.0;-8.39601300273108
3.0;12.0;0.4;0.4;300.0;;12.0;14.0;3.0;12.0;117.96415441755424;485.0;782.0;-8.39601300273108
3.0;12.0;0.4;0.6000000000000001;300.0;;12.0;14.0;3.0;12.0;105.65281250977746;465.0;727.0;-8.57760141093475
3.0;12.0;0.4;0.8;300.0;;12.0;14.0;3.0;12.0;103.24364438543161;586.0;1036.0;-9.494885361552024
3.0;12.0;0.6000000000000001;0.2;300.0;;12.0;14.0;3.0;12.0;75.91994286509951;598.0;931.0;-8.683774250440914
3.0;12.0;0.6000000000000001;0.4;300.0;;12.0;14.0;3.0;12.0;110.23448416472164;468.0;822.0;-8.683774250440914
3.0;12.0;0.6000000000000001;0.6000000000000001;300.0;;12.0;14.0;3.0;12.0;141.4156581185218;434.0;688.0;-8.39601300273108
3.0;12.0;0.6000000000000001;0.8;300.0;;12.0;14.0;3.0;12.0;95.36097315795041;483.0;842.0;-9.494885361552024
3.0;12.0;0.8;0.2;300.0;;12.0;14.0;3.0;12.0;89.58890962857065;636.0;995.0;-8.683774250440914
3.0;12.0;0.8;0.4;300.0;;12.0;14.0;3.0;12.0;93.32434402662554;506.0;837.0;-8.683774250440914
3.0;12.0;0.8;0.6000000000000001;300.0;;12.0;14.0;3.0;12.0;123.98959434046711;404.0;683.0;-8.39601300273108
3.0;12.0;0.8;0.8;300.0;;12.0;14.0;3.0;12.0;119.83211167254194;349.0;554.0;-9.2892285815855
3.0;15.0;0.2;0.2;300.0;;12.0;14.0;3.0;12.0;16.11222723780991;597.0;951.0;-8.57760141093475
3.0;15.0;0.2;0.4;300.0;;12.0;14.0;3.0;12.0;101.46807786713849;507.0;882.0;-8.39601300273108
3.0;15.0;0.2;0.6000000000000001;300.0;;12.0;14.0;3.0;12.0;85.38975302934563;531.0;902.0;-9.494885361552024
3.0;15.0;0.2;0.8;300.0;;12.0;14.0;3.0;12.0;83.87676618605983;578.0;1029.0;-9.494885361552024
3.0;15.0;0.4;0.2;300.0;;12.0;14.0;3.0;12.0;31.81040887068613;603.0;986.0;-8.57760141093475
3.0;15.0;0.4;0.4;300.0;;12.0;14.0;3.0;12.0;85.2348923560778;485.0;890.0;-8.39601300273108
3.0;15.0;0.4;0.6000000000000001;300.0;;12.0;14.0;3.0;12.0;119.17304403344176;472.0;786.0;-8.683774250440914
3.0;15.0;0.4;0.8;300.0;;12.0;14.0;3.0;12.0;106.28640022390421;587.0;1062.0;-9.494885361552024
3.0;15.0;0.6000000000000001;0.2;300.0;;12.0;14.0;3.0;12.0;52.13136206309015;599.0;983.0;-8.57760141093475
3.0;15.0;0.6000000000000001;0.4;300.0;;12.0;14.0;3.0;12.0;46.885774507100166;528.0;884.0;-8.57760141093475
3.0;15.0;0.6000000000000001;0.6000000000000001;300.0;;12.0;14.0;3.0;12.0;70.64570962952443;484.0;759.0;-8.39601300273108
3.0;15.0;0.6000000000000001;0.8;300.0;;12.0;14.0;3.0;12.0;40.696144631042344;493.0;826.0;-9.494885361552024
3.0;15.0;0.8;0.2;300.0;;12.0;14.0;3.0;12.0;78.1332957099311;633.0;1013.0;-8.57760141093475
3.0;15.0;0.8;0.4;300.0;;12.0;14.0;3.0;12.0;49.23247253968958;516.0;856.0;-8.57760141093475
3.0;15.0;0.8;0.6000000000000001;300.0;;12.0;14.0;3.0;12.0;96.84067528914845;462.0;760.0;-8.39601300273108
3.0;15.0;0.8;0.8;300.0;;12.0;14.0;3.0;12.0;104.66482374570346;405.0;626.0;-8.39601300273108
3.0;18.0;0.2;0.2;300.0;;12.0;14.0;3.0;12.0;19.364386361374464;610.0;1011.0;-8.39601300273108
3.0;18.0;0.2;0.4;300.0;;12.0;14.0;3.0;12.0;9.194228350757264;528.0;878.0;-8.39601300273108
3.0;18.0;0.2;0.6000000000000001;300.0;;12.0;14.0;3.0;12.0;88.41250116090734;537.0;919.0;-8.39601300273108
3.0;18.0;0.2;0.8;300.0;;12.0;14.0;3.0;12.0;82.18242380585356;562.0;1019.0;-8.39601300273108
3.0;18.0;0.4;0.2;300.0;;12.0;14.0;3.0;12.0;40.44371358746332;610.0;1012.0;-8.39601300273108
3.0;18.0;0.4;0.4;300.0;;12.0;14.0;3.0;12.0;-2.8459497503880034;527.0;848.0;-8.39601300273108
3.0;18.0;0.4;0.6000000000000001;300.0;;12.0;14.0;3.0;12.0;44.41373229265268;515.0;792.0;-9.494885361552024
3.0;18.0;0.4;0.8;300.0;;12.0;14.0;3.0;12.0;97.12607340900492;555.0;1005.0;-9.494885361552024
3.0;18.0;0.6000000000000001;0.2;300.0;;12.0;14.0;3.0;12.0;18.2350606109363;649.0;1050.0;-8.39601300273108
3.0;18.0;0.6000000000000001;0.4;300.0;;12.0;14.0;3.0;12.0;-19.903767506278747;549.0;885.0;-8.39601300273108
3.0;18.0;0.6000000000000001;0.6000000000000001;300.0;;12.0;14.0;3.0;12.0;36.14600692791241;482.0;779.0;-8.39601300273108
3.0;18.0;0.6000000000000001;0.8;300.0;;12.0;14.0;3.0;12.0;52.20661669124287;466.0;797.0;-9.494885361552024
3.0;18.0;0.8;0.2;300.0;;12.0;14.0;3.0;12.0;32.32837095298869;652.0;1092.0;-9.494885361552024
3.0;18.0;0.8;0.4;300.0;;12.0;14.0;3.0;12.0;-4.313846947955408;564.0;920.0;-8.39601300273108
3.0;18.0;0.8;0.6000000000000001;300.0;;12.0;14.0;3.0;12.0;32.080548788912594;518.0;815.0;-8.39601300273108
3.0;18.0;0.8;0.8;300.0;;12.0;14.0;3.0;12.0;83.0432938673695;410.0;657.0;-8.57760141093475
3.0;21.0;0.2;0.2;300.0;;12.0;14.0;3.0;12.0;24.905340608934786;579.0;982.0;-8.086601908529232
3.0;21.0;0.2;0.4;300.0;;12.0;14.0;3.0;12.0;27.878324308489578;512.0;865.0;-8.39601300273108
3.0;21.0;0.2;0.6000000000000001;300.0;;12.0;14.0;3.0;12.0;76.31178616072742;479.0;871.0;-8.39601300273108
3.0;21.0;0.2;0.8;300.0;;12.0;14.0;3.0;12.0;120.80033076250469;540.0;993.0;-8.39601300273108
3.0;21.0;0.4;0.2;300.0;;12.0;14.0;3.0;12.0;28.62274064461283;610.0;1008.0;-8.086601908529232
3.0;21.0;0.4;0.4;300.0;;12.0;14.0;3.0;12.0;-16.802912674569228;559.0;900.0;-8.39601300273108
3.0;21.0;0.4;0.6000000000000001;300.0;;12.0;14.0;3.0;12.0;51.557196146788215;473.0;782.0;-8.39601300273108
3.0;21.0;0.4;0.8;300.0;;12.0;14.0;3.0;12.0;109.82445407204125;544.0;977.0;-8.39601300273108
3.0;21.0;0.6000000000000001;0.2;300.0;;12.0;14.0;3.0;12.0;46.13166516473379;667.0;1075.0;-8.086601908529232
3.0;21.0;0.6000000000000001;0.4;300.0;;12.0;14.0;3.0;12.0;-21.87079135632758;604.0;928.0;-8.39601300273108
3.0;21.0;0.6000000000000001;0.6000000000000001;300.0;;12.0;14.0;3.0;12.0;49.600805414503526;490.0;830.0;-8.39601300273108
3.0;21.0;0.6000000000000001;0.8;300.0;;12.0;14.0;3.0;12.0;47.45032013798689;454.0;779.0;-9.494885361552024
3.0;21.0;0.8;0.2;300.0;;12.0;14.0;3.0;12.0;47.46875601284853;657.0;1086.0;-8.086601908529232
3.0;21.0;0.8;0.4;300.0;;12.0;14.0;3.0;12.0;19.61359556497772;621.0;968.0;-8.39601300273108
3.0;21.0;0.8;0.6000000000000001;300.0;;12.0;14.0;3.0;12.0;35.782973179008536;515.0;835.0;-8.39601300273108
3.0;21.0;0.8;0.8;300.0;;12.0;14.0;3.0;12.0;42.19858077148227;431.0;662.0;-9.494885361552024
3.0;24.0;0.2;0.2;300.0;;12.0;14.0;3.0;12.0;40.459251777151934;618.0;1082.0;-8.196547838276121
3.0;24.0;0.2;0.4;300.0;;12.0;14.0;3.0;12.0;9.847644354957342;600.0;989.0;-8.39601300273108
3.0;24.0;0.2;0.6000000000000001;300.0;;12.0;14.0;3.0;12.0;56.80238202937336;485.0;909.0;-8.39601300273108
3.0;24.0;0.2;0.8;300.0;;12.0;14.0;3.0;12.0;112.15687564020803;549.0;1014.0;-8.39601300273108
3.0;24.0;0.4;0.2;300.0;;12.0;14.0;3.0;12.0;34.76610751883297;631.0;1125.0;-8.196547838276121
3.0;24.0;0.4;0.4;300.0;;12.0;14.0;3.0;12.0;31.92634768843364;592.0;995.0;-8.39601300273108
3.0;24.0;0.4;0.6000000000000001;300.0;;12.0;14.0;3.0;12.0;35.54594551093834;508.0;861.0;-8.39601300273108
3.0;24.0;0.4;0.8;300.0;;12.0;14.0;3.0;12.0;58.734459151626154;521.0;919.0;-8.39601300273108
3.0;24.0;0.6000000000000001;0.2;300.0;;12.0;14.0;3.0;12.0;24.46347480665795;639.0;1110.0;-8.196547838276121
3.0;24.0;0.6000000000000001;0.4;300.0;;12.0;14.0;3.0;12.0;14.201074318930708;620.0;1028.0;-8.196547838276121
3.0;24.0;0.6000000000000001;0.6000000000000001;300.0;;12.0;14.0;3.0;12.0;47.10045777387052;484.0;895.0;-8.39601300273108
3.0;24.0;0.6000000000000001;0.8;300.0;;12.0;14.0;3.0;12.0;37.65642226352712;466.0;771.0;-8.39601300273108
3.0;24.0;0.8;0.2;300.0;;12.0;14.0;3.0;12.0;46.37350216255935;641.0;1163.0;-8.086601908529232
3.0;24.0;0.8;0.4;300.0;;12.0;14.0;3.0;12.0;21.084505532873614;663.0;1093.0;-8.086601908529232
3.0;24.0;0.8;0.6000000000000001;300.0;;12.0;14.0;3.0;12.0;32.549940230780805;538.0;902.0;-8.39601300273108
3.0;24.0;0.8;0.8;300.0;;12.0;14.0;3.0;12.0;15.206948754490274;460.0;702.0;-9.494885361552024
3.0;27.0;0.2;0.2;300.0;;12.0;14.0;3.0;12.0;87.11927374681439;629.0;1162.0;-8.086601908529232
3.0;27.0;0.2;0.4;300.0;;12.0;14.0;3.0;12.0;62.303951614591284;561.0;1065.0;-8.196547838276121
3.0;27.0;0.2;0.6000000000000001;300.0;;12.0;14.0;3.0;12.0;62.73111788648326;512.0;929.0;-8.39601300273108
3.0;27.0;0.2;0.8;300.0;;12.0;14.0;3.0;12.0;54.16644664447628;531.0;962.0;-8.39601300273108
3.0;27.0;0.4;0.2;300.0;;12.0;14.0;3.0;12.0;65.33081681992917;633.0;1135.0;-8.086601908529232
3.0;27.0;0.4;0.4;300.0;;12.0;14.0;3.0;12.0;39.55691851890836;579.0;1065.0;-8.086601908529232
3.0;27.0;0.4;0.6000000000000001;300.0;;12.0;14.0;3.0;12.0;52.178387792843154;525.0;880.0;-8.39601300273108
3.0;27.0;0.4;0.8;300.0;;12.0;14.0;3.0;12.0;75.19968189164267;547.0;973.0;-8.39601300273108
3.0;27.0;0.6000000000000001;0.2;300.0;;12.0;14.0;3.0;12.0;67.85773848771795;636.0;1182.0;-8.196547838276121
3.0;27.0;0.6000000000000001;0.4;300.0;;12.0;14.0;3.0;12.0;31.742092856039196;600.0;1091.0;-8.086601908529232
3.0;27.0;0.6000000000000001;0.6000000000000001;300.0;;12.0;14.0;3.0;12.0;51.410437003323196;521.0;934.0;-8.39601300273108
3.0;27.0;0.6000000000000001;0.8;300.0;;12.0;14.0;3.0;12.0;43.02282957853829;485.0;802.0;-8.39601300273108
3.0;27.0;0.8;0.2;300.0;;12.0;14.0;3.0;12.0;70.41765821278965;649.0;1175.0;-8.196547838276121
3.0;27.0;0.8;0.4;300.0;;12.0;14.0;3.0;12.0;49.747417645558556;631.0;1124.0;-8.196547838276121
3.0;27.0;0.8;0.6000000000000001;300.0;;12.0;14.0;3.0;12.0;37.643213615482836;528.0;967.0;-8.39601300273108
3.0;27.0;0.8;0.8;300.0;;12.0;14.0;3.0;12.0;59.159221436812075;452.0;756.0;-8.39601300273108
6.0;9.0;0.2;0.2;300.0;;12.0;14.0;3.0;12.0;89.19508188019077;403.0;649.0;-8.487045253726809
6.0;9.0;0.2;0.4;300.0;;12.0;14.0;3.0;12.0;44.37361524947768;593.0;1046.0;-9.494885361552024
6.0;9.0;0.2;0.6000000000000001;300.0;;12.0;14.0;3.0;12.0;-22.807129263537355;585.0;1057.0;-15.679145534511141
6.0;9.0;0.2;0.8;300.0;;12.0;14.0;3.0;12.0;21.768132600107315;507.0;967.0;-15.679145534511141
6.0;9.0;0.4;0.2;300.0;;12.0;14.0;3.0;12.0;144.89728891506155;398.0;662.0;-8.426048208568092
6.0;9.0;0.4;0.4;300.0;;12.0;14.0;3.0;12.0;97.00387694107128;389.0;655.0;-8.086601908529232
6.0;9.0;0.4;0.6000000000000001;300.0;;12.0;14.0;3.0;12.0;64.04286660730986;579.0;1052.0;-9.494885361552024
6.0;9.0;0.4;0.8;300.0;;12.0;14.0;3.0;12.0;5.500118941867093;598.0;1080.0;-15.679145534511141
6.0;9.0;0.6000000000000001;0.2;300.0;;12.0;14.0;3.0;12.0;126.4022885139807;412.0;734.0;-8.683774250440914
6.0;9.0;0.6000000000000001;0.4;300.0;;12.0;14.0;3.0;12.0;84.21237757871849;393.0;600.0;-8.39601300273108
6.0;9.0;0.6000000000000001;0.6000000000000001;300.0;;12.0;14.0;3.0;12.0;34.80455879012506;377.0;571.0;-15.679145534511141
6.0;9.0;0.6000000000000001;0.8;300.0;;12.0;14.0;3.0;12.0;18.135307448808444;647.0;1181.0;-11.28268877934745
6.0;9.0;0.8;0.2;300.0;;12.0;14.0;3.0;12.0;112.91496064254706;546.0;859.0;-8.683774250440914
6.0;9.0;0.8;0.4;300.0;;12.0;14.0;3.0;12.0;127.07879354677448;423.0;707.0;-8.683774250440914
6.0;9.0;0.8;0.6000000000000001;300.0;;12.0;14.0;3.0;12.0;95.10865877754136;340.0;527.0;-8.39601300273108
6.0;9.0;0.8;0.8;300.0;;12.0;14.0;3.0;12.0;132.25821229121078;313.0;512.0;-15.679145534511141
6.0;12.0;0.2;0.2;300.0;;12.0;14.0;3.0;12.0;131.2199627436247;477.0;846.0;-8.39601300273108
6.0;12.0;0.2;0.4;300.0;;12.0;14.0;3.0;12.0;125.73782176758647;558.0;979.0;-9.494885361552024
6.0;12.0;0.2;0.6000000000000001;300.0;;12.0;14.0;3.0;12.0;6.532457690733818;569.0;997.0;-15.679145534511141
6.0;12.0;0.2;0.8;300.0;;12.0;14.0;3.0;12.0;-17.130283634845952;545.0;948.0;-15.679145534511141
6.0;12.0;0.4;0.2;300.0;;12.0;14.0;3.0;12.0;112.37966795114725;487.0;848.0;-8.39601300273108
6.0;12.0;0.4;0.4;300.0;;12.0;14.0;3.0;12.0;131.074980455318;463.0;756.0;-9.219981357512069
6.0;12.0;0.4;0.6000000000000001;300.0;;12.0;14.0;3.0;12.0;63.00825337461252;592.0;1100.0;-9.494885361552024
6.0;12.0;0.4;0.8;300.0;;12.0;14.0;3.0;12.0;-20.405916877210597;599.0;1057.0;-15.679145534511141
6.0;12.0;0.6000000000000001;0.2;300.0;;12.0;14.0;3.0;12.0;81.49038676699146;510.0;880.0;-8.683774250440914
6.0;12.0;0.6000000000000001;0.4;300.0;;12.0;14.0;3.0;12.0;125.60557364796773;446.0;771.0;-8.39601300273108
6.0;12.0;0.6000000000000001;0.6000000000000001;300.0;;12.0;14.0;3.0;12.0;106.18675202203289;422.0;695.0;-15.679145534511141
6.0;12.0;0.6000000000000001;0.8;300.0;;12.0;14.0;3.0;12.0;55.706976593541505;596.0;1047.0;-9.494885361552024
6.0;12.0;0.8;0.2;300.0;;12.0;14.0;3.0;12.0;66.17939483642753;580.0;915.0;-8.683774250440914
6.0;12.0;0.8;0.4;300.0;;12.0;14.0;3.0;12.0;97.66942182877452;465.0;791.0;-8.683774250440914
6.0;12.0;0.8;0.6000000000000001;300.0;;12.0;14.0;3.0;12.0;114.09807817598772;393.0;666.0;-8.39601300273108
6.0;12.0;0.8;0.8;300.0;;12.0;14.0;3.0;12.0;89.57307088768525;386.0;605.0;-15.679145534511141
6.0;15.0;0.2;0.2;300.0;;12.0;14.0;3.0;12.0;93.97300980769762;512.0;912.0;-8.39601300273108
6.0;15.0;0.2;0.4;300.0;;12.0;14.0;3.0;12.0;100.50894156007915;520.0;936.0;-9.494885361552024
6.0;15.0;0.2;0.6000000000000001;300.0;;12.0;14.0;3.0;12.0;0.12373738904606135;522.0;985.0;-15.679145534511141
6.0;15.0;0.2;0.8;300.0;;12.0;14.0;3.0;12.0;19.988002835353086;492.0;907.0;-15.679145534511141
6.0;15.0;0.4;0.2;300.0;;12.0;14.0;3.0;12.0;51.42790152144076;558.0;852.0;-8.39601300273108
6.0;15.0;0.4;0.4;300.0;;12.0;14.0;3.0;12.0;94.28409504652107;516.0;888.0;-8.39601300273108
6.0;15.0;0.4;0.6000000000000001;300.0;;12.0;14.0;3.0;12.0;44.464159364866845;566.0;988.0;-9.494885361552024
6.0;15.0;0.4;0.8;300.0;;12.0;14.0;3.0;12.0;18.318797765232322;587.0;1009.0;-15.679145534511141
6.0;15.0;0.6000000000000001;0.2;300.0;;12.0;14.0;3.0;12.0;24.146003655049647;576.0;902.0;-8.57760141093475
6.0;15.0;0.6000000000000001;0.4;300.0;;12.0;14.0;3.0;12.0;85.94484403170357;506.0;868.0;-8.39601300273108
6.0;15.0;0.6000000000000001;0.6000000000000001;300.0;;12.0;14.0;3.0;12.0;66.7178143781982;499.0;804.0;-15.679145534511141
6.0;15.0;0.6000000000000001;0.8;300.0;;12.0;14.0;3.0;12.0;55.01605791740118;604.0;1098.0;-9.494885361552024
6.0;15.0;0.8;0.2;300.0;;12.0;14.0;3.0;12.0;56.059857290914906;623.0;971.0;-8.57760141093475
6.0;15.0;0.8;0.4;300.0;;12.0;14.0;3.0;12.0;31.54136540172578;522.0;849.0;-8.57760141093475
6.0;15.0;0.8;0.6000000000000001;300.0;;12.0;14.0;3.0;12.0;80.04779977307967;467.0;713.0;-8.39601300273108
6.0;15.0;0.8;0.8;300.0;;12.0;14.0;3.0;12.0;103.82176832700631;449.0;740.0;-15.679145534511141
6.0;18.0;0.2;0.2;300.0;;12.0;14.0;3.0;12.0;66.6300159680865;568.0;979.0;-8.39601300273108
6.0;18.0;0.2;0.4;300.0;;12.0;14.0;3.0;12.0;65.56300891412411;512.0;874.0;-8.39601300273108
6.0;18.0;0.2;0.6000000000000001;300.0;;12.0;14.0;3.0;12.0;81.34435282679593;533.0;1002.0;-8.39601300273108
6.0;18.0;0.2;0.8;300.0;;12.0;14.0;3.0;12.0;52.56121021977548;478.0;907.0;-15.679145534511141
6.0;18.0;0.4;0.2;300.0;;12.0;14.0;3.0;12.0;16.19734448180315;641.0;978.0;-8.086601908529232
6.0;18.0;0.4;0.4;300.0;;12.0;14.0;3.0;12.0;76.35155454530019;552.0;882.0;-8.39601300273108
6.0;18.0;0.4;0.6000000000000001;300.0;;12.0;14.0;3.0;12.0;59.44182562733752;563.0;954.0;-8.426048208568092
6.0;18.0;0.4;0.8;300.0;;12.0;14.0;3.0;12.0;-12.803800865154269;538.0;924.0;-15.679145534511141
6.0;18.0;0.6000000000000001;0.2;300.0;;12.0;14.0;3.0;12.0;8.546507681373946;629.0;1000.0;-8.086601908529232
6.0;18.0;0.6000000000000001;0.4;300.0;;12.0;14.0;3.0;12.0;12.984242137895968;566.0;881.0;-8.39601300273108
6.0;18.0;0.6000000000000001;0.6000000000000001;300.0;;12.0;14.0;3.0;12.0;73.31597292394443;500.0;830.0;-9.494885361552024
6.0;18.0;0.6000000000000001;0.8;300.0;;12.0;14.0;3.0;12.0;26.95823387375802;588.0;1051.0;-9.494885361552024
6.0;18.0;0.8;0.2;300.0;;12.0;14.0;3.0;12.0;12.529681607442889;651.0;1043.0;-8.086601908529232
6.0;18.0;0.8;0.4;300.0;;12.0;14.0;3.0;12.0;-17.84951661798587;557.0;884.0;-8.39601300273108
6.0;18.0;0.8;0.6000000000000001;300.0;;12.0;14.0;3.0;12.0;48.0078114373446;500.0;795.0;-8.39601300273108
6.0;18.0;0.8;0.8;300.0;;12.0;14.0;3.0;12.0;81.75348555956272;491.0;820.0;-9.494885361552024
6.0;21.0;0.2;0.2;300.0;;12.0;14.0;3.0;12.0;73.51084657157466;548.0;970.0;-8.196547838276121
6.0;21.0;0.2;0.4;300.0;;12.0;14.0;3.0;12.0;93.98449522342875;505.0;893.0;-8.39601300273108
6.0;21.0;0.2;0.6000000000000001;300.0;;12.0;14.0;3.0;12.0;96.2117421408019;503.0;969.0;-8.39601300273108
6.0;21.0;0.2;0.8;300.0;;12.0;14.0;3.0;12.0;157.19820632560888;457.0;921.0;-8.39601300273108
6.0;21.0;0.4;0.2;300.0;;12.0;14.0;3.0;12.0;40.893860943640135;564.0;1025.0;-8.086601908529232
6.0;21.0;0.4;0.4;300.0;;12.0;14.0;3.0;12.0;70.8993105105096;518.0;906.0;-8.39601300273108
6.0;21.0;0.4;0.6000000000000001;300.0;;12.0;14.0;3.0;12.0;97.83563951047577;507.0;922.0;-9.219981357512069
6.0;21.0;0.4;0.8;300.0;;12.0;14.0;3.0;12.0;96.76349778768342;531.0;959.0;-8.39601300273108
6.0;21.0;0.6000000000000001;0.2;300.0;;12.0;14.0;3.0;12.0;21.415526980651258;651.0;1076.0;-8.196547838276121
6.0;21.0;0.6000000000000001;0.4;300.0;;12.0;14.0;3.0;12.0;32.521687413803846;535.0;927.0;-8.39601300273108
6.0;21.0;0.6000000000000001;0.6000000000000001;300.0;;12.0;14.0;3.0;12.0;63.49207323691451;496.0;835.0;-8.39601300273108
6.0;21.0;0.6000000000000001;0.8;300.0;;12.0;14.0;3.0;12.0;84.79350557873744;578.0;1030.0;-8.39601300273108
6.0;21.0;0.8;0.2;300.0;;12.0;14.0;3.0;12.0;25.27529716999004;679.0;1095.0;-8.086601908529232
6.0;21.0;0.8;0.4;300.0;;12.0;14.0;3.0;12.0;-39.8416309464327;623.0;940.0;-8.39601300273108
6.0;21.0;0.8;0.6000000000000001;300.0;;12.0;14.0;3.0;12.0;56.2417946466574;526.0;877.0;-8.39601300273108
6.0;21.0;0.8;0.8;300.0;;12.0;14.0;3.0;12.0;56.192776626933565;461.0;749.0;-9.494885361552024
6.0;24.0;0.2;0.2;300.0;;12.0;14.0;3.0;12.0;72.1986436364878;575.0;993.0;-8.196547838276121
6.0;24.0;0.2;0.4;300.0;;12.0;14.0;3.0;12.0;112.2608740977077;492.0;933.0;-8.196547838276121
6.0;24.0;0.2;0.6000000000000001;300.0;;12.0;14.0;3.0;12.0;101.56226375962271;550.0;1056.0;-8.39601300273108
6.0;24.0;0.2;0.8;300.0;;12.0;14.0;3.0;12.0;105.67947655811376;449.0;942.0;-8.39601300273108
6.0;24.0;0.4;0.2;300.0;;12.0;14.0;3.0;12.0;78.43965063963756;619.0;1110.0;-8.196547838276121
6.0;24.0;0.4;0.4;300.0;;12.0;14.0;3.0;12.0;65.85284850750601;547.0;967.0;-8.196547838276121
6.0;24.0;0.4;0.6000000000000001;300.0;;12.0;14.0;3.0;12.0;109.1282826880624;515.0;967.0;-9.219981357512069
6.0;24.0;0.4;0.8;300.0;;12.0;14.0;3.0;12.0;77.64665481774831;534.0;982.0;-8.39601300273108
6.0;24.0;0.6000000000000001;0.2;300.0;;12.0;14.0;3.0;12.0;26.527455890577393;656.0;1102.0;-8.086601908529232
6.0;24.0;0.6000000000000001;0.4;300.0;;12.0;14.0;3.0;12.0;35.09673043301399;577.0;962.0;-8.196547838276121
6.0;24.0;0.6000000000000001;0.6000000000000001;300.0;;12.0;14.0;3.0;12.0;69.80085077818059;505.0;908.0;-8.39601300273108
6.0;24.0;0.6000000000000001;0.8;300.0;;12.0;14.0;3.0;12.0;83.02560023797156;568.0;1003.0;-8.39601300273108
6.0;24.0;0.8;0.2;300.0;;12.0;14.0;3.0;12.0;11.557202189176415;661.0;1138.0;-8.196547838276121
6.0;24.0;0.8;0.4;300.0;;12.0;14.0;3.0;12.0;11.575769212519312;643.0;1051.0;-8.086601908529232
6.0;24.0;0.8;0.6000000000000001;300.0;;12.0;14.0;3.0;12.0;20.271449526838673;542.0;898.0;-8.39601300273108
6.0;24.0;0.8;0.8;300.0;;12.0;14.0;3.0;12.0;54.13804512592523;448.0;747.0;-8.39601300273108
6.0;27.0;0.2;0.2;300.0;;12.0;14.0;3.0;12.0;90.02521991539487;593.0;1095.0;-8.196547838276121
6.0;27.0;0.2;0.4;300.0;;12.0;14.0;3.0;12.0;63.3886691841829;545.0;960.0;-8.086601908529232
6.0;27.0;0.2;0.6000000000000001;300.0;;12.0;14.0;3.0;12.0;103.4824436966489;515.0;1011.0;-8.39601300273108
6.0;27.0;0.2;0.8;300.0;;12.0;14.0;3.0;12.0;97.69865927160699;445.0;946.0;-8.39601300273108
6.0;27.0;0.4;0.2;300.0;;12.0;14.0;3.0;12.0;67.17152091875224;625.0;1124.0;-8.196547838276121
6.0;27.0;0.4;0.4;300.0;;12.0;14.0;3.0;12.0;60.83737949216233;564.0;1026.0;-8.196547838276121
6.0;27.0;0.4;0.6000000000000001;300.0;;12.0;14.0;3.0;12.0;101.67869433535219;544.0;967.0;-8.39601300273108
6.0;27.0;0.4;0.8;300.0;;12.0;14.0;3.0;12.0;82.93162749435986;525.0;1042.0;-8.39601300273108
6.0;27.0;0.6000000000000001;0.2;300.0;;12.0;14.0;3.0;12.0;36.8905584424415;652.0;1150.0;-8.196547838276121
6.0;27.0;0.6000000000000001;0.4;300.0;;12.0;14.0;3.0;12.0;56.474922925177836;604.0;1027.0;-8.196547838276121
6.0;27.0;0.6000000000000001;0.6000000000000001;300.0;;12.0;14.0;3.0;12.0;92.66511119774366;550.0;936.0;-8.39601300273108
6.0;27.0;0.6000000000000001;0.8;300.0;;12.0;14.0;3.0;12.0;96.072142284143;545.0;999.0;-8.39601300273108
6.0;27.0;0.8;0.2;300.0;;12.0;14.0;3.0;12.0;56.01214020850742;633.0;1195.0;-8.086601908529232
6.0;27.0;0.8;0.4;300.0;;12.0;14.0;3.0;12.0;68.024655468202;611.0;1127.0;-8.086601908529232
6.0;27.0;0.8;0.6000000000000001;300.0;;12.0;14.0;3.0;12.0;63.6330831247609;542.0;1006.0;-8.39601300273108
6.0;27.0;0.8;0.8;300.0;;12.0;14.0;3.0;12.0;57.06675316564355;466.0;816.0;-8.39601300273108
9.0;12.0;0.2;0.2;300.0;;12.0;14.0;3.0;12.0;59.74950181833452;527.0;795.0;-15.679145534511141
9.0;12.0;0.2;0.4;300.0;;12.0;14.0;3.0;12.0;51.211129306912454;602.0;1062.0;-9.494885361552024
9.0;12.0;0.2;0.6000000000000001;300.0;;12.0;14.0;3.0;12.0;32.85062864972468;524.0;1028.0;-11.28268877934745
9.0;12.0;0.2;0.8;300.0;;12.0;14.0;3.0;12.0;44.01676470460446;444.0;817.0;-11.28268877934745
9.0;12.0;0.4;0.2;300.0;;12.0;14.0;3.0;12.0;105.92520758440938;430.0;728.0;-8.39601300273108
9.0;12.0;0.4;0.4;300.0;;12.0;14.0;3.0;12.0;59.661515860279295;523.0;810.0;-15.679145534511141
9.0;12.0;0.4;0.6000000000000001;300.0;;12.0;14.0;3.0;12.0;23.39545637355927;690.0;1167.0;-9.494885361552024
9.0;12.0;0.4;0.8;300.0;;12.0;14.0;3.0;12.0;59.72838138550984;538.0;1058.0;-11.28268877934745
9.0;12.0;0.6000000000000001;0.2;300.0;;12.0;14.0;3.0;12.0;117.41373248473245;496.0;842.0;-8.683774250440914
9.0;12.0;0.6000000000000001;0.4;300.0;;12.0;14.0;3.0;12.0;109.50671686728316;381.0;718.0;-9.219981357512069
9.0;12.0;0.6000000000000001;0.6000000000000001;300.0;;12.0;14.0;3.0;12.0;69.8600317478051;490.0;696.0;-15.679145534511141
9.0;12.0;0.6000000000000001;0.8;300.0;;12.0;14.0;3.0;12.0;-30.148525910252694;623.0;1101.0;-11.28268877934745
9.0;12.0;0.8;0.2;300.0;;12.0;14.0;3.0;12.0;82.38967419058824;563.0;908.0;-8.683774250440914
9.0;12.0;0.8;0.4;300.0;;12.0;14.0;3.0;12.0;118.08828973975913;461.0;772.0;-8.683774250440914
9.0;12.0;0.8;0.6000000000000001;300.0;;12.0;14.0;3.0;12.0;86.94210082576726;365.0;620.0;-8.39601300273108
9.0;12.0;0.8;0.8;300.0;;12.0;14.0;3.0;12.0;97.41983418684424;443.0;665.0;-15.679145534511141
9.0;15.0;0.2;0.2;300.0;;12.0;14.0;3.0;12.0;21.49624514101233;515.0;867.0;-9.219981357512069
9.0;15.0;0.2;0.4;300.0;;12.0;14.0;3.0;12.0;125.60868966019598;500.0;1022.0;-9.494885361552024
9.0;15.0;0.2;0.6000000000000001;300.0;;12.0;14.0;3.0;12.0;92.9400334453531;522.0;968.0;-8.683774250440914
9.0;15.0;0.2;0.8;300.0;;12.0;14.0;3.0;12.0;65.64801966796543;450.0;863.0;-11.28268877934745
9.0;15.0;0.4;0.2;300.0;;12.0;14.0;3.0;12.0;32.78764580333936;558.0;836.0;-8.39601300273108
9.0;15.0;0.4;0.4;300.0;;12.0;14.0;3.0;12.0;20.294935287688922;502.0;843.0;-9.219981357512069
9.0;15.0;0.4;0.6000000000000001;300.0;;12.0;14.0;3.0;12.0;39.66128767845599;587.0;1016.0;-9.494885361552024
9.0;15.0;0.4;0.8;300.0;;12.0;14.0;3.0;12.0;39.85543552946688;543.0;1056.0;-11.28268877934745
9.0;15.0;0.6000000000000001;0.2;300.0;;12.0;14.0;3.0;12.0;-2.591889213294655;559.0;873.0;-8.57760141093475
9.0;15.0;0.6000000000000001;0.4;300.0;;12.0;14.0;3.0;12.0;51.15991323713371;528.0;784.0;-8.39601300273108
9.0;15.0;0.6000000000000001;0.6000000000000001;300.0;;12.0;14.0;3.0;12.0;44.18210003147948;477.0;796.0;-8.683774250440914
9.0;15.0;0.6000000000000001;0.8;300.0;;12.0;14.0;3.0;12.0;97.0165270493836;608.0;1105.0;-9.494885361552024
9.0;15.0;0.8;0.2;300.0;;12.0;14.0;3.0;12.0;65.46270414449558;591.0;953.0;-8.57760141093475
9.0;15.0;0.8;0.4;300.0;;12.0;14.0;3.0;12.0;17.009135298319848;532.0;853.0;-8.57760141093475
9.0;15.0;0.8;0.6000000000000001;300.0;;12.0;14.0;3.0;12.0;72.20608622544756;417.0;713.0;-8.39601300273108
9.0;15.0;0.8;0.8;300.0;;12.0;14.0;3.0;12.0;44.32349913326721;439.0;721.0;-8.57760141093475
9.0;18.0;0.2;0.2;300.0;;12.0;14.0;3.0;12.0;35.31257106491398;536.0;821.0;-8.086601908529232
9.0;18.0;0.2;0.4;300.0;;12.0;14.0;3.0;12.0;90.18864451822513;502.0;1018.0;-9.219981357512069
9.0;18.0;0.2;0.6000000000000001;300.0;;12.0;14.0;3.0;12.0;50.12832342712482;467.0;939.0;-15.679145534511141
9.0;18.0;0.2;0.8;300.0;;12.0;14.0;3.0;12.0;49.86849995020673;426.0;842.0;-11.28268877934745
9.0;18.0;0.4;0.2;300.0;;12.0;14.0;3.0;12.0;-6.559539995293715;617.0;866.0;-8.086601908529232
9.0;18.0;0.4;0.4;300.0;;12.0;14.0;3.0;12.0;26.05814431098318;519.0;879.0;-9.219981357512069
9.0;18.0;0.4;0.6000000000000001;300.0;;12.0;14.0;3.0;12.0;136.33036963107986;504.0;1047.0;-8.39601300273108
9.0;18.0;0.4;0.8;300.0;;12.0;14.0;3.0;12.0;34.96356757511237;517.0;987.0;-11.28268877934745
9.0;18.0;0.6000000000000001;0.2;300.0;;12.0;14.0;3.0;12.0;-11.722108971547748;615.0;970.0;-8.196547838276121
9.0;18.0;0.6000000000000001;0.4;300.0;;12.0;14.0;3.0;12.0;18.42765014264687;561.0;869.0;-8.39601300273108
9.0;18.0;0.6000000000000001;0.6000000000000001;300.0;;12.0;14.0;3.0;12.0;39.03368929786579;482.0;804.0;-9.494885361552024
9.0;18.0;0.6000000000000001;0.8;300.0;;12.0;14.0;3.0;12.0;45.2026076861377;574.0;1091.0;-8.57760141093475
9.0;18.0;0.8;0.2;300.0;;12.0;14.0;3.0;12.0;19.574056047703515;660.0;1071.0;-8.086601908529232
9.0;18.0;0.8;0.4;300.0;;12.0;14.0;3.0;12.0;5.638978846657576;605.0;926.0;-8.39601300273108
9.0;18.0;0.8;0.6000000000000001;300.0;;12.0;14.0;3.0;12.0;66.26428563881785;484.0;824.0;-8.39601300273108
9.0;18.0;0.8;0.8;300.0;;12.0;14.0;3.0;12.0;-14.26580526464554;472.0;744.0;-15.679145534511141
9.0;21.0;0.2;0.2;300.0;;12.0;14.0;3.0;12.0;76.02747537933202;492.0;886.0;-8.196547838276121
9.0;21.0;0.2;0.4;300.0;;12.0;14.0;3.0;12.0;125.97786520295519;469.0;960.0;-8.39601300273108
9.0;21.0;0.2;0.6000000000000001;300.0;;12.0;14.0;3.0;12.0;122.33966247836672;443.0;982.0;-8.39601300273108
9.0;21.0;0.2;0.8;300.0;;12.0;14.0;3.0;12.0;74.50209071032066;443.0;849.0;-11.28268877934745
9.0;21.0;0.4;0.2;300.0;;12.0;14.0;3.0;12.0;34.49968373561164;554.0;914.0;-8.196547838276121
9.0;21.0;0.4;0.4;300.0;;12.0;14.0;3.0;12.0;81.9112804378325;474.0;857.0;-8.39601300273108
9.0;21.0;0.4;0.6000000000000001;300.0;;12.0;14.0;3.0;12.0;110.06393108306146;464.0;976.0;-8.39601300273108
9.0;21.0;0.4;0.8;300.0;;12.0;14.0;3.0;12.0;56.83739824196629;486.0;964.0;-15.679145534511141
9.0;21.0;0.6000000000000001;0.2;300.0;;12.0;14.0;3.0;12.0;-19.880829417645472;641.0;999.0;-8.196547838276121
9.0;21.0;0.6000000000000001;0.4;300.0;;12.0;14.0;3.0;12.0;26.124729773512907;513.0;899.0;-8.39601300273108
9.0;21.0;0.6000000000000001;0.6000000000000001;300.0;;12.0;14.0;3.0;12.0;51.210702662793686;450.0;806.0;-9.219981357512069
9.0;21.0;0.6000000000000001;0.8;300.0;;12.0;14.0;3.0;12.0;66.12256598886522;507.0;1007.0;-9.2892285815855
9.0;21.0;0.8;0.2;300.0;;12.0;14.0;3.0;12.0;22.35655568016127;673.0;1102.0;-8.086601908529232
9.0;21.0;0.8;0.4;300.0;;12.0;14.0;3.0;12.0;-16.066659804701114;614.0;925.0;-8.39601300273108
9.0;21.0;0.8;0.6000000000000001;300.0;;12.0;14.0;3.0;12.0;49.23923692916449;485.0;809.0;-8.39601300273108
9.0;21.0;0.8;0.8;300.0;;12.0;14.0;3.0;12.0;18.93610110230221;447.0;737.0;-9.494885361552024
9.0;24.0;0.2;0.2;300.0;;12.0;14.0;3.0;12.0;43.246708647440826;538.0;997.0;-8.196547838276121
9.0;24.0;0.2;0.4;300.0;;12.0;14.0;3.0;12.0;118.82147225040589;475.0;955.0;-8.426048208568092
9.0;24.0;0.2;0.6000000000000001;300.0;;12.0;14.0;3.0;12.0;101.80871185264701;436.0;963.0;-8.39601300273108
9.0;24.0;0.2;0.8;300.0;;12.0;14.0;3.0;12.0;49.33816768251514;399.0;810.0;-15.679145534511141
9.0;24.0;0.4;0.2;300.0;;12.0;14.0;3.0;12.0;52.73004449364777;589.0;1029.0;-8.196547838276121
9.0;24.0;0.4;0.4;300.0;;12.0;14.0;3.0;12.0;60.45246233908466;478.0;917.0;-8.086601908529232
9.0;24.0;0.4;0.6000000000000001;300.0;;12.0;14.0;3.0;12.0;75.11374898142606;456.0;958.0;-8.39601300273108
9.0;24.0;0.4;0.8;300.0;;12.0;14.0;3.0;12.0;-9.832169835610868;461.0;884.0;-15.679145534511141
9.0;24.0;0.6000000000000001;0.2;300.0;;12.0;14.0;3.0;12.0;51.9273913170761;630.0;1108.0;-8.086601908529232
9.0;24.0;0.6000000000000001;0.4;300.0;;12.0;14.0;3.0;12.0;10.949417219156992;566.0;973.0;-8.196547838276121
9.0;24.0;0.6000000000000001;0.6000000000000001;300.0;;12.0;14.0;3.0;12.0;48.27076868766861;479.0;867.0;-8.39601300273108
9.0;24.0;0.6000000000000001;0.8;300.0;;12.0;14.0;3.0;12.0;78.6512773704809;506.0;995.0;-9.2892285815855
9.0;24.0;0.8;0.2;300.0;;12.0;14.0;3.0;12.0;9.87944651455753;682.0;1138.0;-8.086601908529232
9.0;24.0;0.8;0.4;300.0;;12.0;14.0;3.0;12.0;27.466608303231325;636.0;1048.0;-8.086601908529232
9.0;24.0;0.8;0.6000000000000001;300.0;;12.0;14.0;3.0;12.0;48.592232452647295;488.0;882.0;-8.39601300273108
9.0;24.0;0.8;0.8;300.0;;12.0;14.0;3.0;12.0;13.338293551227487;433.0;726.0;-8.39601300273108
9.0;27.0;0.2;0.2;300.0;;12.0;14.0;3.0;12.0;23.33467739966245;573.0;1033.0;-8.086601908529232
9.0;27.0;0.2;0.4;300.0;;12.0;14.0;3.0;12.0;115.17072301972428;506.0;1004.0;-8.086601908529232
9.0;27.0;0.2;0.6000000000000001;300.0;;12.0;14.0;3.0;12.0;96.11477294620957;462.0;934.0;-8.39601300273108
9.0;27.0;0.2;0.8;300.0;;12.0;14.0;3.0;12.0;22.643042624165524;405.0;827.0;-15.679145534511141
9.0;27.0;0.4;0.2;300.0;;12.0;14.0;3.0;12.0;50.22554689234288;576.0;1087.0;-8.196547838276121
9.0;27.0;0.4;0.4;300.0;;12.0;14.0;3.0;12.0;47.451402014946765;499.0;957.0;-8.086601908529232
9.0;27.0;0.4;0.6000000000000001;300.0;;12.0;14.0;3.0;12.0;59.44015519349768;468.0;956.0;-9.219981357512069
9.0;27.0;0.4;0.8;300.0;;12.0;14.0;3.0;12.0;56.64255239507791;448.0;895.0;-11.28268877934745
9.0;27.0;0.6000000000000001;0.2;300.0;;12.0;14.0;3.0;12.0;47.66351771178044;650.0;1147.0;-8.196547838276121
9.0;27.0;0.6000000000000001;0.4;300.0;;12.0;14.0;3.0;12.0;1.9390133475947104;562.0;990.0;-8.196547838276121
9.0;27.0;0.6000000000000001;0.6000000000000001;300.0;;12.0;14.0;3.0;12.0;68.26827731544289;485.0;883.0;-8.39601300273108
9.0;27.0;0.6000000000000001;0.8;300.0;;12.0;14.0;3.0;12.0;28.70015301496505;524.0;988.0;-9.2892285815855
9.0;27.0;0.8;0.2;300.0;;12.0;14.0;3.0;12.0;54.70329179177817;654.0;1168.0;-8.086601908529232
9.0;27.0;0.8;0.4;300.0;;12.0;14.0;3.0;12.0;54.21868548512808;591.0;1071.0;-8.086601908529232
9.0;27.0;0.8;0.6000000000000001;300.0;;12.0;14.0;3.0;12.0;63.62298099211783;499.0;957.0;-8.39601300273108
9.0;27.0;0.8;0.8;300.0;;12.0;14.0;3.0;12.0;38.582943059026796;410.0;731.0;-8.39601300273108
12.0;15.0;0.2;0.2;300.0;;12.0;14.0;3.0;12.0;33.0264187651033;449.0;768.0;-8.57760141093475
12.0;15.0;0.2;0.4;300.0;;12.0;14.0;3.0;12.0;87.37490937958974;562.0;1066.0;-9.494885361552024
12.0;15.0;0.2;0.6000000000000001;300.0;;12.0;14.0;3.0;12.0;9.152656013532619;514.0;888.0;-11.28268877934745
12.0;15.0;0.2;0.8;300.0;;12.0;14.0;3.0;12.0;-22.043354795903387;399.0;692.0;-15.679145534511141
12.0;15.0;0.4;0.2;300.0;;12.0;14.0;3.0;12.0;13.851033057101525;492.0;765.0;-8.39601300273108
12.0;15.0;0.4;0.4;300.0;;12.0;14.0;3.0;12.0;46.126650988822426;433.0;735.0;-8.57760141093475
12.0;15.0;0.4;0.6000000000000001;300.0;;12.0;14.0;3.0;12.0;32.13738250322773;637.0;1144.0;-11.28268877934745
12.0;15.0;0.4;0.8;300.0;;12.0;14.0;3.0;12.0;35.17463962622617;513.0;880.0;-11.28268877934745
12.0;15.0;0.6000000000000001;0.2;300.0;;12.0;14.0;3.0;12.0;31.977042177526773;526.0;849.0;-8.57760141093475
12.0;15.0;0.6000000000000001;0.4;300.0;;12.0;14.0;3.0;12.0;52.46809367524202;426.0;697.0;-9.219981357512069
12.0;15.0;0.6000000000000001;0.6000000000000001;300.0;;12.0;14.0;3.0;12.0;33.197692942218765;423.0;653.0;-8.57760141093475
12.0;15.0;0.6000000000000001;0.8;300.0;;12.0;14.0;3.0;12.0;37.134386880054265;631.0;1130.0;-11.28268877934745
12.0;15.0;0.8;0.2;300.0;;12.0;14.0;3.0;12.0;78.30124252113376;548.0;910.0;-8.57760141093475
12.0;15.0;0.8;0.4;300.0;;12.0;14.0;3.0;12.0;52.585141822218716;483.0;809.0;-8.57760141093475
12.0;15.0;0.8;0.6000000000000001;300.0;;12.0;14.0;3.0;12.0;56.33505050360671;388.0;626.0;-9.219981357512069
12.0;15.0;0.8;0.8;300.0;;12.0;14.0;3.0;12.0;57.96238598367428;407.0;665.0;-8.57760141093475
12.0;18.0;0.2;0.2;300.0;;12.0;14.0;3.0;12.0;-15.261430847567965;447.0;779.0;-9.219981357512069
12.0;18.0;0.2;0.4;300.0;;12.0;14.0;3.0;12.0;-0.7234262561708935;553.0;1026.0;-15.679145534511141
12.0;18.0;0.2;0.6000000000000001;300.0;;12.0;14.0;3.0;12.0;-6.171361209075681;463.0;871.0;-11.28268877934745
12.0;18.0;0.2;0.8;300.0;;12.0;14.0;3.0;12.0;22.136775959408123;400.0;729.0;-11.28268877934745
12.0;18.0;0.4;0.2;300.0;;12.0;14.0;3.0;12.0;22.237684002569857;511.0;859.0;-8.39601300273108
12.0;18.0;0.4;0.4;300.0;;12.0;14.0;3.0;12.0;23.623011979801902;423.0;760.0;-8.39601300273108
12.0;18.0;0.4;0.6000000000000001;300.0;;12.0;14.0;3.0;12.0;57.06579434259346;517.0;1033.0;-8.39601300273108
12.0;18.0;0.4;0.8;300.0;;12.0;14.0;3.0;12.0;45.53180394366736;480.0;867.0;-11.28268877934745
12.0;18.0;0.6000000000000001;0.2;300.0;;12.0;14.0;3.0;12.0;3.531065537704328;602.0;939.0;-8.39601300273108
12.0;18.0;0.6000000000000001;0.4;300.0;;12.0;14.0;3.0;12.0;-1.3143578935378915;496.0;800.0;-8.39601300273108
12.0;18.0;0.6000000000000001;0.6000000000000001;300.0;;12.0;14.0;3.0;12.0;16.716358737695817;411.0;715.0;-9.494885361552024
12.0;18.0;0.6000000000000001;0.8;300.0;;12.0;14.0;3.0;12.0;44.74598917843504;608.0;1122.0;-11.28268877934745
12.0;18.0;0.8;0.2;300.0;;12.0;14.0;3.0;12.0;21.11160494713789;647.0;1037.0;-8.39601300273108
12.0;18.0;0.8;0.4;300.0;;12.0;14.0;3.0;12.0;-4.548510021370875;589.0;912.0;-8.39601300273108
12.0;18.0;0.8;0.6000000000000001;300.0;;12.0;14.0;3.0;12.0;64.36333601567148;465.0;769.0;-8.39601300273108
12.0;18.0;0.8;0.8;300.0;;12.0;14.0;3.0;12.0;-14.499040474051558;386.0;602.0;-15.679145534511141
12.0;21.0;0.2;0.2;300.0;;12.0;14.0;3.0;12.0;92.28206178474517;468.0;925.0;-8.39601300273108
12.0;21.0;0.2;0.4;300.0;;12.0;14.0;3.0;12.0;40.590906921021286;487.0;974.0;-8.39601300273108
12.0;21.0;0.2;0.6000000000000001;300.0;;12.0;14.0;3.0;12.0;57.67491035033013;437.0;887.0;-11.28268877934745
12.0;21.0;0.2;0.8;300.0;;12.0;14.0;3.0;12.0;-2.0835598003339935;398.0;742.0;-11.28268877934745
12.0;21.0;0.4;0.2;300.0;;12.0;14.0;3.0;12.0;33.47304078556681;479.0;892.0;-8.196547838276121
12.0;21.0;0.4;0.4;300.0;;12.0;14.0;3.0;12.0;24.56169015637938;470.0;827.0;-9.219981357512069
12.0;21.0;0.4;0.6000000000000001;300.0;;12.0;14.0;3.0;12.0;43.40780378407247;544.0;1040.0;-9.2892285815855
